uf,ano,populacao
Acre,2011,746386
Acre,2012,758786
Acre,2013,776463
Acre,2014,790101
Acre,2015,803513
Acre,2016,816687
Acre,2017,829619
Acre,2018,869265
Acre,2019,881935
Acre,2020,894470
Acre,2021,906876
Alagoas,2011,3143384
Alagoas,2012,3165472
Alagoas,2013,3300935
Alagoas,2014,3321730
Alagoas,2015,3340932
Alagoas,2016,3358963
Alagoas,2017,3375823
Alagoas,2018,3322820
Alagoas,2019,3337357
Alagoas,2020,3351543
Alagoas,2021,3365351
Amapá,2011,684309
Amapá,2012,698602
Amapá,2013,734996
Amapá,2014,750912
Amapá,2015,766679
Amapá,2016,782295
Amapá,2017,797722
Amapá,2018,829494
Amapá,2019,845731
Amapá,2020,861773
Amapá,2021,877613
Amazonas,2011,3538387
Amazonas,2012,3590985
Amazonas,2013,3807921
Amazonas,2014,3873743
Amazonas,2015,3938336
Amazonas,2016,4001667
Amazonas,2017,4063614
Amazonas,2018,4080611
Amazonas,2019,4144597
Amazonas,2020,4207714
Amazonas,2021,4269995
Bahia,2011,14097534
Bahia,2012,14175341
Bahia,2013,15044137
Bahia,2014,15126371
Bahia,2015,15203334
Bahia,2016,15276566
Bahia,2017,15344447
Bahia,2018,14812617
Bahia,2019,14873064
Bahia,2020,14930634
Bahia,2021,14985284
Ceará,2011,8530155
Ceará,2012,8606005
Ceará,2013,8778576
Ceará,2014,8842791
Ceará,2015,8904459
Ceará,2016,8963663
Ceará,2017,9020460
Ceará,2018,9075649
Ceará,2019,9132078
Ceará,2020,9187103
Ceará,2021,9240580
Distrito Federal,2011,2609998
Distrito Federal,2012,2648532
Distrito Federal,2013,2789761
Distrito Federal,2014,2852372
Distrito Federal,2015,2914830
Distrito Federal,2016,2977216
Distrito Federal,2017,3039444
Distrito Federal,2018,2974703
Distrito Federal,2019,3015268
Distrito Federal,2020,3055149
Distrito Federal,2021,3094325
Espírito Santo,2011,3547055
Espírito Santo,2012,3578067
Espírito Santo,2013,3839366
Espírito Santo,2014,3885049
Espírito Santo,2015,3929911
Espírito Santo,2016,3973697
Espírito Santo,2017,4016356
Espírito Santo,2018,3972388
Espírito Santo,2019,4018650
Espírito Santo,2020,4064052
Espírito Santo,2021,4108508
Goiás,2011,6080716
Goiás,2012,6154996
Goiás,2013,6434048
Goiás,2014,6523222
Goiás,2015,6610681
Goiás,2016,6695855
Goiás,2017,6778772
Goiás,2018,6921161
Goiás,2019,7018354
Goiás,2020,7113540
Goiás,2021,7206589
Maranhão,2011,6645761
Maranhão,2012,6714314
Maranhão,2013,6794301
Maranhão,2014,6850884
Maranhão,2015,6904241
Maranhão,2016,6954036
Maranhão,2017,7000229
Maranhão,2018,7035055
Maranhão,2019,7075181
Maranhão,2020,7114598
Maranhão,2021,7153262
Mato Grosso,2011,3075936
Mato Grosso,2012,3115336
Mato Grosso,2013,3182113
Mato Grosso,2014,3224357
Mato Grosso,2015,3265486
Mato Grosso,2016,3305531
Mato Grosso,2017,3344544
Mato Grosso,2018,3441998
Mato Grosso,2019,3484466
Mato Grosso,2020,3526220
Mato Grosso,2021,3567234
Mato Grosso do Sul,2011,2477542
Mato Grosso do Sul,2012,2500365
Mato Grosso do Sul,2013,2587269
Mato Grosso do Sul,2014,2619657
Mato Grosso do Sul,2015,2651235
Mato Grosso do Sul,2016,2682386
Mato Grosso do Sul,2017,2713147
Mato Grosso do Sul,2018,2748023
Mato Grosso do Sul,2019,2778986
Mato Grosso do Sul,2020,2809394
Mato Grosso do Sul,2021,2839188
Minas Gerais,2011,19728701
Minas Gerais,2012,19855332
Minas Gerais,2013,20593356
Minas Gerais,2014,20734097
Minas Gerais,2015,20869101
Minas Gerais,2016,20997560
Minas Gerais,2017,21119536
Minas Gerais,2018,21040662
Minas Gerais,2019,21168791
Minas Gerais,2020,21292666
Minas Gerais,2021,21411923
Paraná,2011,10512349
Paraná,2012,10577755
Paraná,2013,10997465
Paraná,2014,11081692
Paraná,2015,11163018
Paraná,2016,11242720
Paraná,2017,11320892
Paraná,2018,11348937
Paraná,2019,11433957
Paraná,2020,11516840
Paraná,2021,11597484
Paraíba,2011,3791315
Paraíba,2012,3815171
Paraíba,2013,3914421
Paraíba,2014,3943885
Paraíba,2015,3972202
Paraíba,2016,3999415
Paraíba,2017,4025558
Paraíba,2018,3996496
Paraíba,2019,4018127
Paraíba,2020,4039277
Paraíba,2021,4059905
Pará,2011,7688593
Pará,2012,7777543
Pará,2013,7969654
Pará,2014,8073924
Pará,2015,8175113
Pará,2016,8272724
Pará,2017,8366628
Pará,2018,8513497
Pará,2019,8602865
Pará,2020,8690745
Pará,2021,8777124
Pernambuco,2011,8864906
Pernambuco,2012,8931028
Pernambuco,2013,9208550
Pernambuco,2014,9277727
Pernambuco,2015,9345173
Pernambuco,2016,9410336
Pernambuco,2017,9473266
Pernambuco,2018,9496294
Pernambuco,2019,9557071
Pernambuco,2020,9616621
Pernambuco,2021,9674793
Piauí,2011,3140328
Piauí,2012,3160748
Piauí,2013,3184166
Piauí,2014,3194718
Piauí,2015,3204028
Piauí,2016,3212180
Piauí,2017,3219257
Piauí,2018,3264531
Piauí,2019,3273227
Piauí,2020,3281480
Piauí,2021,3289290
Rio Grande do Norte,2011,3198657
Rio Grande do Norte,2012,3228198
Rio Grande do Norte,2013,3373959
Rio Grande do Norte,2014,3408510
Rio Grande do Norte,2015,3442175
Rio Grande do Norte,2016,3474998
Rio Grande do Norte,2017,3507003
Rio Grande do Norte,2018,3479010
Rio Grande do Norte,2019,3506853
Rio Grande do Norte,2020,3534165
Rio Grande do Norte,2021,3560903
Rio Grande do Sul,2011,10733030
Rio Grande do Sul,2012,10768025
Rio Grande do Sul,2013,11164043
Rio Grande do Sul,2014,11207274
Rio Grande do Sul,2015,11247972
Rio Grande do Sul,2016,11286500
Rio Grande do Sul,2017,11322895
Rio Grande do Sul,2018,11329605
Rio Grande do Sul,2019,11377239
Rio Grande do Sul,2020,11422973
Rio Grande do Sul,2021,11466630
Rio de Janeiro,2011,16112678
Rio de Janeiro,2012,16231365
Rio de Janeiro,2013,16369179
Rio de Janeiro,2014,16461173
Rio de Janeiro,2015,16550024
Rio de Janeiro,2016,16635996
Rio de Janeiro,2017,16718956
Rio de Janeiro,2018,17159960
Rio de Janeiro,2019,17264943
Rio de Janeiro,2020,17366189
Rio de Janeiro,2021,17463349
Rondônia,2011,1576455
Rondônia,2012,1590011
Rondônia,2013,1728214
Rondônia,2014,1748531
Rondônia,2015,1768204
Rondônia,2016,1787279
Rondônia,2017,1805788
Rondônia,2018,1757589
Rondônia,2019,1777225
Rondônia,2020,1796460
Rondônia,2021,1815278
Roraima,2011,460165
Roraima,2012,469524
Roraima,2013,488072
Roraima,2014,496936
Roraima,2015,505665
Roraima,2016,514229
Roraima,2017,522636
Roraima,2018,576568
Roraima,2019,605761
Roraima,2020,631181
Roraima,2021,652713
Santa Catarina,2011,6317054
Santa Catarina,2012,6362734
Santa Catarina,2013,6634254
Santa Catarina,2014,6727148
Santa Catarina,2015,6819190
Santa Catarina,2016,6910553
Santa Catarina,2017,7001161
Santa Catarina,2018,7075494
Santa Catarina,2019,7164788
Santa Catarina,2020,7252502
Santa Catarina,2021,7338473
Sergipe,2011,2089819
Sergipe,2012,2110867
Sergipe,2013,2195662
Sergipe,2014,2219574
Sergipe,2015,2242937
Sergipe,2016,2265779
Sergipe,2017,2288116
Sergipe,2018,2278308
Sergipe,2019,2298696
Sergipe,2020,2318822
Sergipe,2021,2338474
São Paulo,2011,41587182
São Paulo,2012,41901219
São Paulo,2013,43663669
São Paulo,2014,44035304
São Paulo,2015,44396484
São Paulo,2016,44749699
São Paulo,2017,45094866
São Paulo,2018,45538936
São Paulo,2019,45919049
São Paulo,2020,46289333
São Paulo,2021,46649132
Tocantins,2011,1400892
Tocantins,2012,1417694
Tocantins,2013,1478164
Tocantins,2014,1496880
Tocantins,2015,1515126
Tocantins,2016,1532902
Tocantins,2017,1550194
Tocantins,2018,1555229
Tocantins,2019,1572866
Tocantins,2020,1590248
Tocantins,2021,1607363
